Feature,Coefficient,Odds Ratio,Probability Increase (%)
Expectations of respect or deference in interactions with authority.,-0.4054271838863811,0.6666919499606104,33.330805003938956
flesch_reading_ease,0.05460135601213635,1.0561195150515135,5.611951505151347
