Feature,Coefficient,Odds Ratio,Probability Increase (%)
Docility contrasted against assertiveness in workplace dynamics.,-0.49170194987803867,0.6115846215414315,38.841537845856855
word usage__preposition,0.6634985238959066,1.9415731060471717,94.15731060471717
word usage__conjunction,0.7721017390946571,2.164310292474996,116.43102924749962
