Feature,Coefficient,Odds Ratio,Probability Increase (%)
readability grades__LIX,0.0014202771952695641,1.001421286266589,0.14212862665889947
sentence info__complex_words_dc,0.02152449965927045,1.0217578227492523,2.175782274925231
readability grades__ARI,0.028781867113879363,1.0292000676065316,2.92000676065316
lexical_diversity,0.033072007115510046,1.0336249649139269,3.362496491392686
sentence info__type_token_ratio,0.03768814658030506,1.038407351495764,3.840735149576391
punctuation_diversity,0.3918365460639283,1.4796958295270295,47.96958295270295
