Feature,Coefficient,Odds Ratio,Probability Increase (%)
"Physical appearance (scars, tattoos) used to imply criminal behavior.",-0.6946933690691217,0.49922750311221803,50.0772496887782
Snap card usage frequently linked to specific racial or ethnic backgrounds.,-0.43907489451430914,0.6446324983839493,35.53675016160507
word usage__conjunction,0.670466037724071,1.9551482812036505,95.51482812036505
