Feature,Coefficient,Odds Ratio,Probability Increase (%)
flesch_reading_ease,0.047958053950241816,1.0491266476829373,4.912664768293729
