Feature,Coefficient,Odds Ratio,Probability Increase (%)
word usage__preposition,0.6991991856316111,2.0121407109091045,101.21407109091045
word usage__conjunction,0.7370368128801519,2.089734057949507,108.9734057949507
