Feature,Coefficient,Odds Ratio,Probability Increase (%)
readability grades__LIX,0.0014014941015750636,1.0014024766533933,0.14024766533933253
sentence info__complex_words_dc,0.021547535517353562,1.0217813600885528,2.1781360088552804
readability grades__ARI,0.0288084139325789,1.029227389956791,2.9227389956790972
lexical_diversity,0.033262690175161966,1.0338220784772807,3.3822078477280693
sentence info__type_token_ratio,0.037860179199793995,1.0385860067993675,3.8586006799367523
punctuation_diversity,0.3917308848014308,1.4795394912571644,47.95394912571644
