Feature,Coefficient,Odds Ratio,Probability Increase (%)
word usage__preposition,0.6992809991205998,2.0123053378952624,101.23053378952625
word usage__conjunction,0.7371209772601502,2.0899099465225284,108.99099465225284
