Feature,Coefficient,Odds Ratio,Probability Increase (%)
readability grades__LIX,0.00013478925978265861,1.000134798344263,0.013479834426299853
sentence info__complex_words_dc,0.022843601497144515,1.0231065147065592,2.3106514706559222
lexical_diversity,0.027622162911769096,1.0280071917885585,2.8007191788558483
readability grades__ARI,0.030426100727950264,1.0308937049394478,3.0893704939447764
sentence info__type_token_ratio,0.0320910819709342,1.0326115533174998,3.2611553317499764
Manual laborers or low-income workers as less intelligent or capable.,0.0739409167131999,1.0767431860903427,7.67431860903427
punctuation_diversity,0.3844574121724699,1.4688171428884136,46.88171428884136
