Feature,Coefficient,Odds Ratio,Probability Increase (%)
word usage__preposition,0.7000623682334781,2.013878305586129,101.38783055861289
word usage__conjunction,0.7377108949712219,2.091143185133412,109.11431851334119
