Feature,Coefficient,Odds Ratio,Probability Increase (%)
readability grades__LIX,0.001388067286703688,1.0013890310979934,0.13890310979933762
sentence info__complex_words_dc,0.021544187182146585,1.0217779388277788,2.1777938827778787
readability grades__ARI,0.02876628933679039,1.0291840350821744,2.9184035082174375
Age influencing perceptions of technological competence,0.03024552592173793,1.030707568314751,3.0707568314751077
lexical_diversity,0.0331538528927795,1.0337095662146678,3.3709566214667808
sentence info__type_token_ratio,0.037756332548642774,1.0384781587205567,3.847815872055671
punctuation_diversity,0.3920182770596845,1.4799647605593578,47.99647605593578
